Type,Name,Request Count,Failure Count,Median Response Time,Average Response Time,Min Response Time,Max Response Time,Average Content Size,Requests/s,Failures/s,50%,66%,75%,80%,90%,95%,98%,99%,99.9%,99.99%,100%
GET,/api.php?__call=content.getBrowseModules&app_version=9.4.0&device_type=iPhone_XR&_format=json&ctx=iphoneapp&_marker=false&v=947&cc=in&network_type=WIFI&tz=asia/kolkata&network_subtype=WIFI&network_operator=jio&is_jio_user=false&api_version=4,264,0,100.0,168.08895433712064,37.54063399998131,2239.696300999995,142310.27272727274,1.3221850503306194,0.0,100,110,130,150,290,620,1000,1500,2200,2200,2200
GET,/api.php?__call=content.getHomepageDataV2&type=all&app_version=9.4.0&device_type=iPhone_XR&_format=json&ctx=iphoneapp&_marker=false&v=947&cc=in&tz=asia/kolkata&network_operator=jio&is_jio_user=false&api_version=4&type=all,132,0,97,134.52605427272755,51.856297000000495,965.600453999997,92534.54545454546,0.6610925251653097,0.0,97,110,130,140,200,420,630,760,970,970,970
GET,/api.php?__call=library.getAll&move_artist_pref=false&app_version=9.4.0&device_type=iPhone_XR&_format=json&ctx=iphoneapp&_marker=false&v=947&cc=in&network_type=WIFI&network_subtype=WIFI&network_operator=jio&tz=asia/kolkata&dolby_support=true&is_jio_user=false&api_version=4,270,0,79,217.36983640000068,29.785934999999597,3815.9193649999993,77.0,1.3522347105654062,0.0,80,110,120,160,400,1000,2000,2400,3800,3800,3800
POST,/api.php?__call=playlist.create&share=true&contents=~~pQHQxGEl~&listname=1691175780.936543&app_version=9.4.0&device_type=iPhone_XR&_format=json&ctx=iphoneapp&_marker=false&v=947&cc=in&network_type=WIFI&tz=asia/kolkata&network_subtype=WIFI&network_operator=jio&is_jio_user=false&api_version=4,1,0,84.62186700000007,84.62186700000007,84.62186700000007,84.62186700000007,77.0,0.0050082767057978,0.0,85,85,85,85,85,85,85,85,85,85,85
POST,/api.php?__call=playlist.create&share=true&contents=~~pQHQxGEl~&listname=1691175780.939931&app_version=9.4.0&device_type=iPhone_XR&_format=json&ctx=iphoneapp&_marker=false&v=947&cc=in&network_type=WIFI&tz=asia/kolkata&network_subtype=WIFI&network_operator=jio&is_jio_user=false&api_version=4,1,0,93.14826600000004,93.14826600000004,93.14826600000004,93.14826600000004,77.0,0.0050082767057978,0.0,93,93,93,93,93,93,93,93,93,93,93
POST,/api.php?__call=playlist.create&share=true&contents=~~pQHQxGEl~&listname=1691175780.943509&app_version=9.4.0&device_type=iPhone_XR&_format=json&ctx=iphoneapp&_marker=false&v=947&cc=in&network_type=WIFI&tz=asia/kolkata&network_subtype=WIFI&network_operator=jio&is_jio_user=false&api_version=4,1,0,81.22514100000001,81.22514100000001,81.22514100000001,81.22514100000001,77.0,0.0050082767057978,0.0,81,81,81,81,81,81,81,81,81,81,81
POST,/api.php?__call=playlist.create&share=true&contents=~~pQHQxGEl~&listname=1691175787.067725&app_version=9.4.0&device_type=iPhone_XR&_format=json&ctx=iphoneapp&_marker=false&v=947&cc=in&network_type=WIFI&tz=asia/kolkata&network_subtype=WIFI&network_operator=jio&is_jio_user=false&api_version=4,1,0,109.71942400000057,109.71942400000057,109.71942400000057,109.71942400000057,77.0,0.0050082767057978,0.0,110,110,110,110,110,110,110,110,110,110,110
POST,/api.php?__call=playlist.create&share=true&contents=~~pQHQxGEl~&listname=1691175787.7359&app_version=9.4.0&device_type=iPhone_XR&_format=json&ctx=iphoneapp&_marker=false&v=947&cc=in&network_type=WIFI&tz=asia/kolkata&network_subtype=WIFI&network_operator=jio&is_jio_user=false&api_version=4,1,0,30.91458100000022,30.91458100000022,30.91458100000022,30.91458100000022,77.0,0.0050082767057978,0.0,31,31,31,31,31,31,31,31,31,31,31
POST,/api.php?__call=playlist.create&share=true&contents=~~pQHQxGEl~&listname=1691175789.232051&app_version=9.4.0&device_type=iPhone_XR&_format=json&ctx=iphoneapp&_marker=false&v=947&cc=in&network_type=WIFI&tz=asia/kolkata&network_subtype=WIFI&network_operator=jio&is_jio_user=false&api_version=4,1,0,83.50198499999983,83.50198499999983,83.50198499999983,83.50198499999983,77.0,0.0050082767057978,0.0,84,84,84,84,84,84,84,84,84,84,84
POST,/api.php?__call=playlist.create&share=true&contents=~~pQHQxGEl~&listname=1691175790.1256661&app_version=9.4.0&device_type=iPhone_XR&_format=json&ctx=iphoneapp&_marker=false&v=947&cc=in&network_type=WIFI&tz=asia/kolkata&network_subtype=WIFI&network_operator=jio&is_jio_user=false&api_version=4,1,0,315.2738389999996,315.2738389999996,315.2738389999996,315.2738389999996,77.0,0.0050082767057978,0.0,320,320,320,320,320,320,320,320,320,320,320
POST,/api.php?__call=playlist.create&share=true&contents=~~pQHQxGEl~&listname=1691175790.3141&app_version=9.4.0&device_type=iPhone_XR&_format=json&ctx=iphoneapp&_marker=false&v=947&cc=in&network_type=WIFI&tz=asia/kolkata&network_subtype=WIFI&network_operator=jio&is_jio_user=false&api_version=4,1,0,41.7409700000011,41.7409700000011,41.7409700000011,41.7409700000011,77.0,0.0050082767057978,0.0,42,42,42,42,42,42,42,42,42,42,42
POST,/api.php?__call=playlist.create&share=true&contents=~~pQHQxGEl~&listname=1691175791.55675&app_version=9.4.0&device_type=iPhone_XR&_format=json&ctx=iphoneapp&_marker=false&v=947&cc=in&network_type=WIFI&tz=asia/kolkata&network_subtype=WIFI&network_operator=jio&is_jio_user=false&api_version=4,1,0,117.21623500000078,117.21623500000078,117.21623500000078,117.21623500000078,77.0,0.0050082767057978,0.0,120,120,120,120,120,120,120,120,120,120,120
POST,/api.php?__call=playlist.create&share=true&contents=~~pQHQxGEl~&listname=1691175795.3414478&app_version=9.4.0&device_type=iPhone_XR&_format=json&ctx=iphoneapp&_marker=false&v=947&cc=in&network_type=WIFI&tz=asia/kolkata&network_subtype=WIFI&network_operator=jio&is_jio_user=false&api_version=4,1,0,760.0016780000001,760.0016780000001,760.0016780000001,760.0016780000001,77.0,0.0050082767057978,0.0,760,760,760,760,760,760,760,760,760,760,760
POST,/api.php?__call=playlist.create&share=true&contents=~~pQHQxGEl~&listname=1691175800.045417&app_version=9.4.0&device_type=iPhone_XR&_format=json&ctx=iphoneapp&_marker=false&v=947&cc=in&network_type=WIFI&tz=asia/kolkata&network_subtype=WIFI&network_operator=jio&is_jio_user=false&api_version=4,1,0,35.278910999998914,35.278910999998914,35.278910999998914,35.278910999998914,77.0,0.0050082767057978,0.0,35,35,35,35,35,35,35,35,35,35,35
POST,/api.php?__call=playlist.create&share=true&contents=~~pQHQxGEl~&listname=1691175800.632864&app_version=9.4.0&device_type=iPhone_XR&_format=json&ctx=iphoneapp&_marker=false&v=947&cc=in&network_type=WIFI&tz=asia/kolkata&network_subtype=WIFI&network_operator=jio&is_jio_user=false&api_version=4,1,0,45.722143999999076,45.722143999999076,45.722143999999076,45.722143999999076,77.0,0.0050082767057978,0.0,46,46,46,46,46,46,46,46,46,46,46
POST,/api.php?__call=playlist.create&share=true&contents=~~pQHQxGEl~&listname=1691175801.073535&app_version=9.4.0&device_type=iPhone_XR&_format=json&ctx=iphoneapp&_marker=false&v=947&cc=in&network_type=WIFI&tz=asia/kolkata&network_subtype=WIFI&network_operator=jio&is_jio_user=false&api_version=4,1,0,117.84000299999775,117.84000299999775,117.84000299999775,117.84000299999775,77.0,0.0050082767057978,0.0,120,120,120,120,120,120,120,120,120,120,120
POST,/api.php?__call=playlist.create&share=true&contents=~~pQHQxGEl~&listname=1691175801.074802&app_version=9.4.0&device_type=iPhone_XR&_format=json&ctx=iphoneapp&_marker=false&v=947&cc=in&network_type=WIFI&tz=asia/kolkata&network_subtype=WIFI&network_operator=jio&is_jio_user=false&api_version=4,1,0,117.31758199999831,117.31758199999831,117.31758199999831,117.31758199999831,77.0,0.0050082767057978,0.0,120,120,120,120,120,120,120,120,120,120,120
POST,/api.php?__call=playlist.create&share=true&contents=~~pQHQxGEl~&listname=1691175801.403892&app_version=9.4.0&device_type=iPhone_XR&_format=json&ctx=iphoneapp&_marker=false&v=947&cc=in&network_type=WIFI&tz=asia/kolkata&network_subtype=WIFI&network_operator=jio&is_jio_user=false&api_version=4,1,0,84.11856000000029,84.11856000000029,84.11856000000029,84.11856000000029,77.0,0.0050082767057978,0.0,84,84,84,84,84,84,84,84,84,84,84
POST,/api.php?__call=playlist.create&share=true&contents=~~pQHQxGEl~&listname=1691175802.254051&app_version=9.4.0&device_type=iPhone_XR&_format=json&ctx=iphoneapp&_marker=false&v=947&cc=in&network_type=WIFI&tz=asia/kolkata&network_subtype=WIFI&network_operator=jio&is_jio_user=false&api_version=4,1,0,44.40016699999916,44.40016699999916,44.40016699999916,44.40016699999916,77.0,0.0050082767057978,0.0,44,44,44,44,44,44,44,44,44,44,44
POST,/api.php?__call=playlist.create&share=true&contents=~~pQHQxGEl~&listname=1691175802.294044&app_version=9.4.0&device_type=iPhone_XR&_format=json&ctx=iphoneapp&_marker=false&v=947&cc=in&network_type=WIFI&tz=asia/kolkata&network_subtype=WIFI&network_operator=jio&is_jio_user=false&api_version=4,1,0,31.508364000000455,31.508364000000455,31.508364000000455,31.508364000000455,77.0,0.0050082767057978,0.0,32,32,32,32,32,32,32,32,32,32,32
POST,/api.php?__call=playlist.create&share=true&contents=~~pQHQxGEl~&listname=1691175804.305368&app_version=9.4.0&device_type=iPhone_XR&_format=json&ctx=iphoneapp&_marker=false&v=947&cc=in&network_type=WIFI&tz=asia/kolkata&network_subtype=WIFI&network_operator=jio&is_jio_user=false&api_version=4,1,0,59.57903599999881,59.57903599999881,59.57903599999881,59.57903599999881,77.0,0.0050082767057978,0.0,60,60,60,60,60,60,60,60,60,60,60
POST,/api.php?__call=playlist.create&share=true&contents=~~pQHQxGEl~&listname=1691175804.841959&app_version=9.4.0&device_type=iPhone_XR&_format=json&ctx=iphoneapp&_marker=false&v=947&cc=in&network_type=WIFI&tz=asia/kolkata&network_subtype=WIFI&network_operator=jio&is_jio_user=false&api_version=4,1,0,34.92260799999869,34.92260799999869,34.92260799999869,34.92260799999869,77.0,0.0050082767057978,0.0,35,35,35,35,35,35,35,35,35,35,35
POST,/api.php?__call=playlist.create&share=true&contents=~~pQHQxGEl~&listname=1691175805.2464561&app_version=9.4.0&device_type=iPhone_XR&_format=json&ctx=iphoneapp&_marker=false&v=947&cc=in&network_type=WIFI&tz=asia/kolkata&network_subtype=WIFI&network_operator=jio&is_jio_user=false&api_version=4,1,0,39.85804799999926,39.85804799999926,39.85804799999926,39.85804799999926,77.0,0.0050082767057978,0.0,40,40,40,40,40,40,40,40,40,40,40
POST,/api.php?__call=playlist.create&share=true&contents=~~pQHQxGEl~&listname=1691175805.7651432&app_version=9.4.0&device_type=iPhone_XR&_format=json&ctx=iphoneapp&_marker=false&v=947&cc=in&network_type=WIFI&tz=asia/kolkata&network_subtype=WIFI&network_operator=jio&is_jio_user=false&api_version=4,1,0,112.33083400000154,112.33083400000154,112.33083400000154,112.33083400000154,77.0,0.0050082767057978,0.0,110,110,110,110,110,110,110,110,110,110,110
POST,/api.php?__call=playlist.create&share=true&contents=~~pQHQxGEl~&listname=1691175805.8709812&app_version=9.4.0&device_type=iPhone_XR&_format=json&ctx=iphoneapp&_marker=false&v=947&cc=in&network_type=WIFI&tz=asia/kolkata&network_subtype=WIFI&network_operator=jio&is_jio_user=false&api_version=4,1,0,548.8370469999993,548.8370469999993,548.8370469999993,548.8370469999993,77.0,0.0050082767057978,0.0,550,550,550,550,550,550,550,550,550,550,550
POST,/api.php?__call=playlist.create&share=true&contents=~~pQHQxGEl~&listname=1691175807.244351&app_version=9.4.0&device_type=iPhone_XR&_format=json&ctx=iphoneapp&_marker=false&v=947&cc=in&network_type=WIFI&tz=asia/kolkata&network_subtype=WIFI&network_operator=jio&is_jio_user=false&api_version=4,1,0,49.73664099999908,49.73664099999908,49.73664099999908,49.73664099999908,77.0,0.0050082767057978,0.0,50,50,50,50,50,50,50,50,50,50,50
POST,/api.php?__call=playlist.create&share=true&contents=~~pQHQxGEl~&listname=1691175807.583188&app_version=9.4.0&device_type=iPhone_XR&_format=json&ctx=iphoneapp&_marker=false&v=947&cc=in&network_type=WIFI&tz=asia/kolkata&network_subtype=WIFI&network_operator=jio&is_jio_user=false&api_version=4,1,0,58.33068200000113,58.33068200000113,58.33068200000113,58.33068200000113,77.0,0.0050082767057978,0.0,58,58,58,58,58,58,58,58,58,58,58
POST,/api.php?__call=playlist.create&share=true&contents=~~pQHQxGEl~&listname=1691175809.32797&app_version=9.4.0&device_type=iPhone_XR&_format=json&ctx=iphoneapp&_marker=false&v=947&cc=in&network_type=WIFI&tz=asia/kolkata&network_subtype=WIFI&network_operator=jio&is_jio_user=false&api_version=4,1,0,31.1142860000011,31.1142860000011,31.1142860000011,31.1142860000011,77.0,0.0050082767057978,0.0,31,31,31,31,31,31,31,31,31,31,31
POST,/api.php?__call=playlist.create&share=true&contents=~~pQHQxGEl~&listname=1691175809.861193&app_version=9.4.0&device_type=iPhone_XR&_format=json&ctx=iphoneapp&_marker=false&v=947&cc=in&network_type=WIFI&tz=asia/kolkata&network_subtype=WIFI&network_operator=jio&is_jio_user=false&api_version=4,1,0,43.980405999999306,43.980405999999306,43.980405999999306,43.980405999999306,77.0,0.0050082767057978,0.0,44,44,44,44,44,44,44,44,44,44,44
POST,/api.php?__call=playlist.create&share=true&contents=~~pQHQxGEl~&listname=1691175811.796533&app_version=9.4.0&device_type=iPhone_XR&_format=json&ctx=iphoneapp&_marker=false&v=947&cc=in&network_type=WIFI&tz=asia/kolkata&network_subtype=WIFI&network_operator=jio&is_jio_user=false&api_version=4,1,0,32.65801899999943,32.65801899999943,32.65801899999943,32.65801899999943,77.0,0.0050082767057978,0.0,33,33,33,33,33,33,33,33,33,33,33
POST,/api.php?__call=playlist.create&share=true&contents=~~pQHQxGEl~&listname=1691175812.2744331&app_version=9.4.0&device_type=iPhone_XR&_format=json&ctx=iphoneapp&_marker=false&v=947&cc=in&network_type=WIFI&tz=asia/kolkata&network_subtype=WIFI&network_operator=jio&is_jio_user=false&api_version=4,1,0,80.86589900000263,80.86589900000263,80.86589900000263,80.86589900000263,77.0,0.0050082767057978,0.0,81,81,81,81,81,81,81,81,81,81,81
POST,/api.php?__call=playlist.create&share=true&contents=~~pQHQxGEl~&listname=1691175813.174478&app_version=9.4.0&device_type=iPhone_XR&_format=json&ctx=iphoneapp&_marker=false&v=947&cc=in&network_type=WIFI&tz=asia/kolkata&network_subtype=WIFI&network_operator=jio&is_jio_user=false&api_version=4,1,0,34.63732600000213,34.63732600000213,34.63732600000213,34.63732600000213,77.0,0.0050082767057978,0.0,35,35,35,35,35,35,35,35,35,35,35
POST,/api.php?__call=playlist.create&share=true&contents=~~pQHQxGEl~&listname=1691175813.2856221&app_version=9.4.0&device_type=iPhone_XR&_format=json&ctx=iphoneapp&_marker=false&v=947&cc=in&network_type=WIFI&tz=asia/kolkata&network_subtype=WIFI&network_operator=jio&is_jio_user=false&api_version=4,1,0,90.16609700000089,90.16609700000089,90.16609700000089,90.16609700000089,77.0,0.0050082767057978,0.0,90,90,90,90,90,90,90,90,90,90,90
POST,/api.php?__call=playlist.create&share=true&contents=~~pQHQxGEl~&listname=1691175813.3986912&app_version=9.4.0&device_type=iPhone_XR&_format=json&ctx=iphoneapp&_marker=false&v=947&cc=in&network_type=WIFI&tz=asia/kolkata&network_subtype=WIFI&network_operator=jio&is_jio_user=false&api_version=4,1,0,79.49582199999838,79.49582199999838,79.49582199999838,79.49582199999838,77.0,0.0050082767057978,0.0,79,79,79,79,79,79,79,79,79,79,79
POST,/api.php?__call=playlist.create&share=true&contents=~~pQHQxGEl~&listname=1691175816.000173&app_version=9.4.0&device_type=iPhone_XR&_format=json&ctx=iphoneapp&_marker=false&v=947&cc=in&network_type=WIFI&tz=asia/kolkata&network_subtype=WIFI&network_operator=jio&is_jio_user=false&api_version=4,1,0,37.62555400000167,37.62555400000167,37.62555400000167,37.62555400000167,77.0,0.0050082767057978,0.0,38,38,38,38,38,38,38,38,38,38,38
POST,/api.php?__call=playlist.create&share=true&contents=~~pQHQxGEl~&listname=1691175816.4041479&app_version=9.4.0&device_type=iPhone_XR&_format=json&ctx=iphoneapp&_marker=false&v=947&cc=in&network_type=WIFI&tz=asia/kolkata&network_subtype=WIFI&network_operator=jio&is_jio_user=false&api_version=4,1,0,42.15237200000388,42.15237200000388,42.15237200000388,42.15237200000388,77.0,0.0050082767057978,0.0,42,42,42,42,42,42,42,42,42,42,42
POST,/api.php?__call=playlist.create&share=true&contents=~~pQHQxGEl~&listname=1691175817.1935549&app_version=9.4.0&device_type=iPhone_XR&_format=json&ctx=iphoneapp&_marker=false&v=947&cc=in&network_type=WIFI&tz=asia/kolkata&network_subtype=WIFI&network_operator=jio&is_jio_user=false&api_version=4,1,0,94.39740799999896,94.39740799999896,94.39740799999896,94.39740799999896,77.0,0.0050082767057978,0.0,94,94,94,94,94,94,94,94,94,94,94
POST,/api.php?__call=playlist.create&share=true&contents=~~pQHQxGEl~&listname=1691175817.74794&app_version=9.4.0&device_type=iPhone_XR&_format=json&ctx=iphoneapp&_marker=false&v=947&cc=in&network_type=WIFI&tz=asia/kolkata&network_subtype=WIFI&network_operator=jio&is_jio_user=false&api_version=4,1,0,41.54519499999765,41.54519499999765,41.54519499999765,41.54519499999765,77.0,0.0050082767057978,0.0,42,42,42,42,42,42,42,42,42,42,42
POST,/api.php?__call=playlist.create&share=true&contents=~~pQHQxGEl~&listname=1691175818.178932&app_version=9.4.0&device_type=iPhone_XR&_format=json&ctx=iphoneapp&_marker=false&v=947&cc=in&network_type=WIFI&tz=asia/kolkata&network_subtype=WIFI&network_operator=jio&is_jio_user=false&api_version=4,1,0,113.91583500000024,113.91583500000024,113.91583500000024,113.91583500000024,77.0,0.0050082767057978,0.0,110,110,110,110,110,110,110,110,110,110,110
POST,/api.php?__call=playlist.create&share=true&contents=~~pQHQxGEl~&listname=1691175821.084757&app_version=9.4.0&device_type=iPhone_XR&_format=json&ctx=iphoneapp&_marker=false&v=947&cc=in&network_type=WIFI&tz=asia/kolkata&network_subtype=WIFI&network_operator=jio&is_jio_user=false&api_version=4,1,0,39.25007700000549,39.25007700000549,39.25007700000549,39.25007700000549,77.0,0.0050082767057978,0.0,39,39,39,39,39,39,39,39,39,39,39
POST,/api.php?__call=playlist.create&share=true&contents=~~pQHQxGEl~&listname=1691175826.115881&app_version=9.4.0&device_type=iPhone_XR&_format=json&ctx=iphoneapp&_marker=false&v=947&cc=in&network_type=WIFI&tz=asia/kolkata&network_subtype=WIFI&network_operator=jio&is_jio_user=false&api_version=4,1,0,59.53044700000021,59.53044700000021,59.53044700000021,59.53044700000021,77.0,0.0050082767057978,0.0,60,60,60,60,60,60,60,60,60,60,60
POST,/api.php?__call=playlist.create&share=true&contents=~~pQHQxGEl~&listname=1691175826.954761&app_version=9.4.0&device_type=iPhone_XR&_format=json&ctx=iphoneapp&_marker=false&v=947&cc=in&network_type=WIFI&tz=asia/kolkata&network_subtype=WIFI&network_operator=jio&is_jio_user=false&api_version=4,1,0,43.756643000001816,43.756643000001816,43.756643000001816,43.756643000001816,77.0,0.0050082767057978,0.0,44,44,44,44,44,44,44,44,44,44,44
POST,/api.php?__call=playlist.create&share=true&contents=~~pQHQxGEl~&listname=1691175828.5263271&app_version=9.4.0&device_type=iPhone_XR&_format=json&ctx=iphoneapp&_marker=false&v=947&cc=in&network_type=WIFI&tz=asia/kolkata&network_subtype=WIFI&network_operator=jio&is_jio_user=false&api_version=4,1,0,77.30854699999412,77.30854699999412,77.30854699999412,77.30854699999412,77.0,0.0050082767057978,0.0,77,77,77,77,77,77,77,77,77,77,77
POST,/api.php?__call=playlist.create&share=true&contents=~~pQHQxGEl~&listname=1691175829.7426739&app_version=9.4.0&device_type=iPhone_XR&_format=json&ctx=iphoneapp&_marker=false&v=947&cc=in&network_type=WIFI&tz=asia/kolkata&network_subtype=WIFI&network_operator=jio&is_jio_user=false&api_version=4,1,0,123.61914800000307,123.61914800000307,123.61914800000307,123.61914800000307,77.0,0.0050082767057978,0.0,120,120,120,120,120,120,120,120,120,120,120
POST,/api.php?__call=playlist.create&share=true&contents=~~pQHQxGEl~&listname=1691175829.9380438&app_version=9.4.0&device_type=iPhone_XR&_format=json&ctx=iphoneapp&_marker=false&v=947&cc=in&network_type=WIFI&tz=asia/kolkata&network_subtype=WIFI&network_operator=jio&is_jio_user=false&api_version=4,1,0,128.74984000000467,128.74984000000467,128.74984000000467,128.74984000000467,77.0,0.0050082767057978,0.0,130,130,130,130,130,130,130,130,130,130,130
POST,/api.php?__call=playlist.create&share=true&contents=~~pQHQxGEl~&listname=1691175831.483808&app_version=9.4.0&device_type=iPhone_XR&_format=json&ctx=iphoneapp&_marker=false&v=947&cc=in&network_type=WIFI&tz=asia/kolkata&network_subtype=WIFI&network_operator=jio&is_jio_user=false&api_version=4,1,0,121.82214999999985,121.82214999999985,121.82214999999985,121.82214999999985,77.0,0.0050082767057978,0.0,120,120,120,120,120,120,120,120,120,120,120
POST,/api.php?__call=playlist.create&share=true&contents=~~pQHQxGEl~&listname=1691175832.38114&app_version=9.4.0&device_type=iPhone_XR&_format=json&ctx=iphoneapp&_marker=false&v=947&cc=in&network_type=WIFI&tz=asia/kolkata&network_subtype=WIFI&network_operator=jio&is_jio_user=false&api_version=4,1,0,39.58403200000049,39.58403200000049,39.58403200000049,39.58403200000049,77.0,0.0050082767057978,0.0,40,40,40,40,40,40,40,40,40,40,40
POST,/api.php?__call=playlist.create&share=true&contents=~~pQHQxGEl~&listname=1691175833.220941&app_version=9.4.0&device_type=iPhone_XR&_format=json&ctx=iphoneapp&_marker=false&v=947&cc=in&network_type=WIFI&tz=asia/kolkata&network_subtype=WIFI&network_operator=jio&is_jio_user=false&api_version=4,1,0,45.20213899999703,45.20213899999703,45.20213899999703,45.20213899999703,77.0,0.0050082767057978,0.0,45,45,45,45,45,45,45,45,45,45,45
POST,/api.php?__call=playlist.create&share=true&contents=~~pQHQxGEl~&listname=1691175834.519445&app_version=9.4.0&device_type=iPhone_XR&_format=json&ctx=iphoneapp&_marker=false&v=947&cc=in&network_type=WIFI&tz=asia/kolkata&network_subtype=WIFI&network_operator=jio&is_jio_user=false&api_version=4,1,0,57.14314499999773,57.14314499999773,57.14314499999773,57.14314499999773,77.0,0.0050082767057978,0.0,57,57,57,57,57,57,57,57,57,57,57
POST,/api.php?__call=playlist.create&share=true&contents=~~pQHQxGEl~&listname=1691175835.399662&app_version=9.4.0&device_type=iPhone_XR&_format=json&ctx=iphoneapp&_marker=false&v=947&cc=in&network_type=WIFI&tz=asia/kolkata&network_subtype=WIFI&network_operator=jio&is_jio_user=false&api_version=4,1,0,260.4005610000044,260.4005610000044,260.4005610000044,260.4005610000044,77.0,0.0050082767057978,0.0,260,260,260,260,260,260,260,260,260,260,260
POST,/api.php?__call=playlist.create&share=true&contents=~~pQHQxGEl~&listname=1691175837.903948&app_version=9.4.0&device_type=iPhone_XR&_format=json&ctx=iphoneapp&_marker=false&v=947&cc=in&network_type=WIFI&tz=asia/kolkata&network_subtype=WIFI&network_operator=jio&is_jio_user=false&api_version=4,1,0,47.09069400000487,47.09069400000487,47.09069400000487,47.09069400000487,77.0,0.0050082767057978,0.0,47,47,47,47,47,47,47,47,47,47,47
POST,/api.php?__call=playlist.create&share=true&contents=~~pQHQxGEl~&listname=1691175837.96749&app_version=9.4.0&device_type=iPhone_XR&_format=json&ctx=iphoneapp&_marker=false&v=947&cc=in&network_type=WIFI&tz=asia/kolkata&network_subtype=WIFI&network_operator=jio&is_jio_user=false&api_version=4,1,0,65.61349700000108,65.61349700000108,65.61349700000108,65.61349700000108,77.0,0.0050082767057978,0.0,66,66,66,66,66,66,66,66,66,66,66
POST,/api.php?__call=playlist.create&share=true&contents=~~pQHQxGEl~&listname=1691175838.2648041&app_version=9.4.0&device_type=iPhone_XR&_format=json&ctx=iphoneapp&_marker=false&v=947&cc=in&network_type=WIFI&tz=asia/kolkata&network_subtype=WIFI&network_operator=jio&is_jio_user=false&api_version=4,1,0,97.57348699999824,97.57348699999824,97.57348699999824,97.57348699999824,77.0,0.0050082767057978,0.0,98,98,98,98,98,98,98,98,98,98,98
POST,/api.php?__call=playlist.create&share=true&contents=~~pQHQxGEl~&listname=1691175840.4164438&app_version=9.4.0&device_type=iPhone_XR&_format=json&ctx=iphoneapp&_marker=false&v=947&cc=in&network_type=WIFI&tz=asia/kolkata&network_subtype=WIFI&network_operator=jio&is_jio_user=false&api_version=4,1,0,94.57860399999873,94.57860399999873,94.57860399999873,94.57860399999873,77.0,0.0050082767057978,0.0,95,95,95,95,95,95,95,95,95,95,95
POST,/api.php?__call=playlist.create&share=true&contents=~~pQHQxGEl~&listname=1691175841.758736&app_version=9.4.0&device_type=iPhone_XR&_format=json&ctx=iphoneapp&_marker=false&v=947&cc=in&network_type=WIFI&tz=asia/kolkata&network_subtype=WIFI&network_operator=jio&is_jio_user=false&api_version=4,1,0,44.728030000001695,44.728030000001695,44.728030000001695,44.728030000001695,77.0,0.0050082767057978,0.0,45,45,45,45,45,45,45,45,45,45,45
POST,/api.php?__call=playlist.create&share=true&contents=~~pQHQxGEl~&listname=1691175842.649771&app_version=9.4.0&device_type=iPhone_XR&_format=json&ctx=iphoneapp&_marker=false&v=947&cc=in&network_type=WIFI&tz=asia/kolkata&network_subtype=WIFI&network_operator=jio&is_jio_user=false&api_version=4,1,0,434.58595799999955,434.58595799999955,434.58595799999955,434.58595799999955,77.0,0.0050082767057978,0.0,430,430,430,430,430,430,430,430,430,430,430
POST,/api.php?__call=playlist.create&share=true&contents=~~pQHQxGEl~&listname=1691175843.0847769&app_version=9.4.0&device_type=iPhone_XR&_format=json&ctx=iphoneapp&_marker=false&v=947&cc=in&network_type=WIFI&tz=asia/kolkata&network_subtype=WIFI&network_operator=jio&is_jio_user=false&api_version=4,1,0,88.52930300000139,88.52930300000139,88.52930300000139,88.52930300000139,77.0,0.0050082767057978,0.0,89,89,89,89,89,89,89,89,89,89,89
POST,/api.php?__call=playlist.create&share=true&contents=~~pQHQxGEl~&listname=1691175843.349796&app_version=9.4.0&device_type=iPhone_XR&_format=json&ctx=iphoneapp&_marker=false&v=947&cc=in&network_type=WIFI&tz=asia/kolkata&network_subtype=WIFI&network_operator=jio&is_jio_user=false&api_version=4,1,0,34.639438999995775,34.639438999995775,34.639438999995775,34.639438999995775,77.0,0.0050082767057978,0.0,35,35,35,35,35,35,35,35,35,35,35
POST,/api.php?__call=playlist.create&share=true&contents=~~pQHQxGEl~&listname=1691175844.1320698&app_version=9.4.0&device_type=iPhone_XR&_format=json&ctx=iphoneapp&_marker=false&v=947&cc=in&network_type=WIFI&tz=asia/kolkata&network_subtype=WIFI&network_operator=jio&is_jio_user=false&api_version=4,1,0,65.1768990000079,65.1768990000079,65.1768990000079,65.1768990000079,77.0,0.0050082767057978,0.0,65,65,65,65,65,65,65,65,65,65,65
POST,/api.php?__call=playlist.create&share=true&contents=~~pQHQxGEl~&listname=1691175845.2342222&app_version=9.4.0&device_type=iPhone_XR&_format=json&ctx=iphoneapp&_marker=false&v=947&cc=in&network_type=WIFI&tz=asia/kolkata&network_subtype=WIFI&network_operator=jio&is_jio_user=false&api_version=4,1,0,378.9855689999939,378.9855689999939,378.9855689999939,378.9855689999939,77.0,0.0050082767057978,0.0,380,380,380,380,380,380,380,380,380,380,380
POST,/api.php?__call=playlist.create&share=true&contents=~~pQHQxGEl~&listname=1691175847.0599449&app_version=9.4.0&device_type=iPhone_XR&_format=json&ctx=iphoneapp&_marker=false&v=947&cc=in&network_type=WIFI&tz=asia/kolkata&network_subtype=WIFI&network_operator=jio&is_jio_user=false&api_version=4,1,0,77.81889400000352,77.81889400000352,77.81889400000352,77.81889400000352,77.0,0.0050082767057978,0.0,78,78,78,78,78,78,78,78,78,78,78
POST,/api.php?__call=playlist.create&share=true&contents=~~pQHQxGEl~&listname=1691175847.9507048&app_version=9.4.0&device_type=iPhone_XR&_format=json&ctx=iphoneapp&_marker=false&v=947&cc=in&network_type=WIFI&tz=asia/kolkata&network_subtype=WIFI&network_operator=jio&is_jio_user=false&api_version=4,1,0,37.859668999999485,37.859668999999485,37.859668999999485,37.859668999999485,77.0,0.0050082767057978,0.0,38,38,38,38,38,38,38,38,38,38,38
POST,/api.php?__call=playlist.create&share=true&contents=~~pQHQxGEl~&listname=1691175849.2539258&app_version=9.4.0&device_type=iPhone_XR&_format=json&ctx=iphoneapp&_marker=false&v=947&cc=in&network_type=WIFI&tz=asia/kolkata&network_subtype=WIFI&network_operator=jio&is_jio_user=false&api_version=4,1,0,32.36988900000881,32.36988900000881,32.36988900000881,32.36988900000881,77.0,0.0050082767057978,0.0,32,32,32,32,32,32,32,32,32,32,32
POST,/api.php?__call=playlist.create&share=true&contents=~~pQHQxGEl~&listname=1691175849.685432&app_version=9.4.0&device_type=iPhone_XR&_format=json&ctx=iphoneapp&_marker=false&v=947&cc=in&network_type=WIFI&tz=asia/kolkata&network_subtype=WIFI&network_operator=jio&is_jio_user=false&api_version=4,1,0,41.28947799999594,41.28947799999594,41.28947799999594,41.28947799999594,77.0,0.0050082767057978,0.0,41,41,41,41,41,41,41,41,41,41,41
POST,/api.php?__call=playlist.create&share=true&contents=~~pQHQxGEl~&listname=1691175850.4825442&app_version=9.4.0&device_type=iPhone_XR&_format=json&ctx=iphoneapp&_marker=false&v=947&cc=in&network_type=WIFI&tz=asia/kolkata&network_subtype=WIFI&network_operator=jio&is_jio_user=false&api_version=4,1,0,45.13287700000035,45.13287700000035,45.13287700000035,45.13287700000035,77.0,0.0050082767057978,0.0,45,45,45,45,45,45,45,45,45,45,45
POST,/api.php?__call=playlist.create&share=true&contents=~~pQHQxGEl~&listname=1691175850.977039&app_version=9.4.0&device_type=iPhone_XR&_format=json&ctx=iphoneapp&_marker=false&v=947&cc=in&network_type=WIFI&tz=asia/kolkata&network_subtype=WIFI&network_operator=jio&is_jio_user=false&api_version=4,1,0,32.343018999995365,32.343018999995365,32.343018999995365,32.343018999995365,77.0,0.0050082767057978,0.0,32,32,32,32,32,32,32,32,32,32,32
POST,/api.php?__call=playlist.create&share=true&contents=~~pQHQxGEl~&listname=1691175851.0637429&app_version=9.4.0&device_type=iPhone_XR&_format=json&ctx=iphoneapp&_marker=false&v=947&cc=in&network_type=WIFI&tz=asia/kolkata&network_subtype=WIFI&network_operator=jio&is_jio_user=false&api_version=4,1,0,97.08892299998695,97.08892299998695,97.08892299998695,97.08892299998695,77.0,0.0050082767057978,0.0,97,97,97,97,97,97,97,97,97,97,97
POST,/api.php?__call=playlist.create&share=true&contents=~~pQHQxGEl~&listname=1691175854.801188&app_version=9.4.0&device_type=iPhone_XR&_format=json&ctx=iphoneapp&_marker=false&v=947&cc=in&network_type=WIFI&tz=asia/kolkata&network_subtype=WIFI&network_operator=jio&is_jio_user=false&api_version=4,1,0,697.5971349999952,697.5971349999952,697.5971349999952,697.5971349999952,77.0,0.0050082767057978,0.0,700,700,700,700,700,700,700,700,700,700,700
POST,/api.php?__call=playlist.create&share=true&contents=~~pQHQxGEl~&listname=1691175856.7151868&app_version=9.4.0&device_type=iPhone_XR&_format=json&ctx=iphoneapp&_marker=false&v=947&cc=in&network_type=WIFI&tz=asia/kolkata&network_subtype=WIFI&network_operator=jio&is_jio_user=false&api_version=4,1,0,272.34688100000426,272.34688100000426,272.34688100000426,272.34688100000426,77.0,0.0050082767057978,0.0,270,270,270,270,270,270,270,270,270,270,270
POST,/api.php?__call=playlist.create&share=true&contents=~~pQHQxGEl~&listname=1691175856.769757&app_version=9.4.0&device_type=iPhone_XR&_format=json&ctx=iphoneapp&_marker=false&v=947&cc=in&network_type=WIFI&tz=asia/kolkata&network_subtype=WIFI&network_operator=jio&is_jio_user=false&api_version=4,1,0,102.92253499999049,102.92253499999049,102.92253499999049,102.92253499999049,77.0,0.0050082767057978,0.0,100,100,100,100,100,100,100,100,100,100,100
POST,/api.php?__call=playlist.create&share=true&contents=~~pQHQxGEl~&listname=1691175857.9842901&app_version=9.4.0&device_type=iPhone_XR&_format=json&ctx=iphoneapp&_marker=false&v=947&cc=in&network_type=WIFI&tz=asia/kolkata&network_subtype=WIFI&network_operator=jio&is_jio_user=false&api_version=4,1,0,36.89459699999986,36.89459699999986,36.89459699999986,36.89459699999986,77.0,0.0050082767057978,0.0,37,37,37,37,37,37,37,37,37,37,37
POST,/api.php?__call=playlist.create&share=true&contents=~~pQHQxGEl~&listname=1691175859.020745&app_version=9.4.0&device_type=iPhone_XR&_format=json&ctx=iphoneapp&_marker=false&v=947&cc=in&network_type=WIFI&tz=asia/kolkata&network_subtype=WIFI&network_operator=jio&is_jio_user=false&api_version=4,1,0,54.097877999993216,54.097877999993216,54.097877999993216,54.097877999993216,77.0,0.0050082767057978,0.0,54,54,54,54,54,54,54,54,54,54,54
POST,/api.php?__call=playlist.create&share=true&contents=~~pQHQxGEl~&listname=1691175859.315881&app_version=9.4.0&device_type=iPhone_XR&_format=json&ctx=iphoneapp&_marker=false&v=947&cc=in&network_type=WIFI&tz=asia/kolkata&network_subtype=WIFI&network_operator=jio&is_jio_user=false&api_version=4,1,0,240.71731899999804,240.71731899999804,240.71731899999804,240.71731899999804,77.0,0.0050082767057978,0.0,240,240,240,240,240,240,240,240,240,240,240
POST,/api.php?__call=playlist.create&share=true&contents=~~pQHQxGEl~&listname=1691175861.904008&app_version=9.4.0&device_type=iPhone_XR&_format=json&ctx=iphoneapp&_marker=false&v=947&cc=in&network_type=WIFI&tz=asia/kolkata&network_subtype=WIFI&network_operator=jio&is_jio_user=false&api_version=4,1,0,1953.4177729999983,1953.4177729999983,1953.4177729999983,1953.4177729999983,77.0,0.0050082767057978,0.0,2000,2000,2000,2000,2000,2000,2000,2000,2000,2000,2000
POST,/api.php?__call=playlist.create&share=true&contents=~~pQHQxGEl~&listname=1691175864.21841&app_version=9.4.0&device_type=iPhone_XR&_format=json&ctx=iphoneapp&_marker=false&v=947&cc=in&network_type=WIFI&tz=asia/kolkata&network_subtype=WIFI&network_operator=jio&is_jio_user=false&api_version=4,1,0,50.11425700000416,50.11425700000416,50.11425700000416,50.11425700000416,77.0,0.0050082767057978,0.0,50,50,50,50,50,50,50,50,50,50,50
POST,/api.php?__call=playlist.create&share=true&contents=~~pQHQxGEl~&listname=1691175866.513649&app_version=9.4.0&device_type=iPhone_XR&_format=json&ctx=iphoneapp&_marker=false&v=947&cc=in&network_type=WIFI&tz=asia/kolkata&network_subtype=WIFI&network_operator=jio&is_jio_user=false&api_version=4,1,0,2363.7061529999955,2363.7061529999955,2363.7061529999955,2363.7061529999955,77.0,0.0050082767057978,0.0,2400,2400,2400,2400,2400,2400,2400,2400,2400,2400,2400
POST,/api.php?__call=playlist.create&share=true&contents=~~pQHQxGEl~&listname=1691175866.51728&app_version=9.4.0&device_type=iPhone_XR&_format=json&ctx=iphoneapp&_marker=false&v=947&cc=in&network_type=WIFI&tz=asia/kolkata&network_subtype=WIFI&network_operator=jio&is_jio_user=false&api_version=4,1,0,2357.7060360000105,2357.7060360000105,2357.7060360000105,2357.7060360000105,77.0,0.0050082767057978,0.0,2400,2400,2400,2400,2400,2400,2400,2400,2400,2400,2400
POST,/api.php?__call=playlist.create&share=true&contents=~~pQHQxGEl~&listname=1691175868.6560361&app_version=9.4.0&device_type=iPhone_XR&_format=json&ctx=iphoneapp&_marker=false&v=947&cc=in&network_type=WIFI&tz=asia/kolkata&network_subtype=WIFI&network_operator=jio&is_jio_user=false&api_version=4,1,0,241.01995499999873,241.01995499999873,241.01995499999873,241.01995499999873,77.0,0.0050082767057978,0.0,240,240,240,240,240,240,240,240,240,240,240
POST,/api.php?__call=playlist.create&share=true&contents=~~pQHQxGEl~&listname=1691175877.006098&app_version=9.4.0&device_type=iPhone_XR&_format=json&ctx=iphoneapp&_marker=false&v=947&cc=in&network_type=WIFI&tz=asia/kolkata&network_subtype=WIFI&network_operator=jio&is_jio_user=false&api_version=4,1,0,61.46999000000619,61.46999000000619,61.46999000000619,61.46999000000619,77.0,0.0050082767057978,0.0,61,61,61,61,61,61,61,61,61,61,61
POST,/api.php?__call=playlist.create&share=true&contents=~~pQHQxGEl~&listname=1691175877.169981&app_version=9.4.0&device_type=iPhone_XR&_format=json&ctx=iphoneapp&_marker=false&v=947&cc=in&network_type=WIFI&tz=asia/kolkata&network_subtype=WIFI&network_operator=jio&is_jio_user=false&api_version=4,1,0,51.79212499999153,51.79212499999153,51.79212499999153,51.79212499999153,77.0,0.0050082767057978,0.0,52,52,52,52,52,52,52,52,52,52,52
POST,/api.php?__call=playlist.create&share=true&contents=~~pQHQxGEl~&listname=1691175877.474974&app_version=9.4.0&device_type=iPhone_XR&_format=json&ctx=iphoneapp&_marker=false&v=947&cc=in&network_type=WIFI&tz=asia/kolkata&network_subtype=WIFI&network_operator=jio&is_jio_user=false&api_version=4,1,0,105.80106499999431,105.80106499999431,105.80106499999431,105.80106499999431,77.0,0.0050082767057978,0.0,110,110,110,110,110,110,110,110,110,110,110
POST,/api.php?__call=playlist.create&share=true&contents=~~pQHQxGEl~&listname=1691175877.67568&app_version=9.4.0&device_type=iPhone_XR&_format=json&ctx=iphoneapp&_marker=false&v=947&cc=in&network_type=WIFI&tz=asia/kolkata&network_subtype=WIFI&network_operator=jio&is_jio_user=false&api_version=4,1,0,2279.939273000011,2279.939273000011,2279.939273000011,2279.939273000011,77.0,0.0050082767057978,0.0,2300,2300,2300,2300,2300,2300,2300,2300,2300,2300,2300
POST,/api.php?__call=playlist.create&share=true&contents=~~pQHQxGEl~&listname=1691175882.6670358&app_version=9.4.0&device_type=iPhone_XR&_format=json&ctx=iphoneapp&_marker=false&v=947&cc=in&network_type=WIFI&tz=asia/kolkata&network_subtype=WIFI&network_operator=jio&is_jio_user=false&api_version=4,1,0,1938.8027159999979,1938.8027159999979,1938.8027159999979,1938.8027159999979,77.0,0.0050082767057978,0.0,1900,1900,1900,1900,1900,1900,1900,1900,1900,1900,1900
POST,/api.php?__call=playlist.create&share=true&contents=~~pQHQxGEl~&listname=1691175884.5921721&app_version=9.4.0&device_type=iPhone_XR&_format=json&ctx=iphoneapp&_marker=false&v=947&cc=in&network_type=WIFI&tz=asia/kolkata&network_subtype=WIFI&network_operator=jio&is_jio_user=false&api_version=4,1,0,52.4140689999939,52.4140689999939,52.4140689999939,52.4140689999939,77.0,0.0050082767057978,0.0,52,52,52,52,52,52,52,52,52,52,52
POST,/api.php?__call=playlist.create&share=true&contents=~~pQHQxGEl~&listname=1691175888.7640162&app_version=9.4.0&device_type=iPhone_XR&_format=json&ctx=iphoneapp&_marker=false&v=947&cc=in&network_type=WIFI&tz=asia/kolkata&network_subtype=WIFI&network_operator=jio&is_jio_user=false&api_version=4,1,0,289.6107700000101,289.6107700000101,289.6107700000101,289.6107700000101,77.0,0.0050082767057978,0.0,290,290,290,290,290,290,290,290,290,290,290
POST,/api.php?__call=playlist.create&share=true&contents=~~pQHQxGEl~&listname=1691175888.766672&app_version=9.4.0&device_type=iPhone_XR&_format=json&ctx=iphoneapp&_marker=false&v=947&cc=in&network_type=WIFI&tz=asia/kolkata&network_subtype=WIFI&network_operator=jio&is_jio_user=false&api_version=4,1,0,285.51046199999064,285.51046199999064,285.51046199999064,285.51046199999064,77.0,0.0050082767057978,0.0,290,290,290,290,290,290,290,290,290,290,290
POST,/api.php?__call=playlist.create&share=true&contents=~~pQHQxGEl~&listname=1691175888.767891&app_version=9.4.0&device_type=iPhone_XR&_format=json&ctx=iphoneapp&_marker=false&v=947&cc=in&network_type=WIFI&tz=asia/kolkata&network_subtype=WIFI&network_operator=jio&is_jio_user=false&api_version=4,1,0,285.0392779999993,285.0392779999993,285.0392779999993,285.0392779999993,77.0,0.0050082767057978,0.0,290,290,290,290,290,290,290,290,290,290,290
POST,/api.php?__call=playlist.create&share=true&contents=~~pQHQxGEl~&listname=1691175888.947638&app_version=9.4.0&device_type=iPhone_XR&_format=json&ctx=iphoneapp&_marker=false&v=947&cc=in&network_type=WIFI&tz=asia/kolkata&network_subtype=WIFI&network_operator=jio&is_jio_user=false&api_version=4,1,0,106.95675899999912,106.95675899999912,106.95675899999912,106.95675899999912,77.0,0.0050082767057978,0.0,110,110,110,110,110,110,110,110,110,110,110
POST,/api.php?__call=playlist.create&share=true&contents=~~pQHQxGEl~&listname=1691175891.227585&app_version=9.4.0&device_type=iPhone_XR&_format=json&ctx=iphoneapp&_marker=false&v=947&cc=in&network_type=WIFI&tz=asia/kolkata&network_subtype=WIFI&network_operator=jio&is_jio_user=false&api_version=4,1,0,74.8155399999888,74.8155399999888,74.8155399999888,74.8155399999888,77.0,0.0050082767057978,0.0,75,75,75,75,75,75,75,75,75,75,75
POST,/api.php?__call=playlist.create&share=true&contents=~~pQHQxGEl~&listname=1691175893.7557828&app_version=9.4.0&device_type=iPhone_XR&_format=json&ctx=iphoneapp&_marker=false&v=947&cc=in&network_type=WIFI&tz=asia/kolkata&network_subtype=WIFI&network_operator=jio&is_jio_user=false&api_version=4,1,0,1132.7783299999937,1132.7783299999937,1132.7783299999937,1132.7783299999937,77.0,0.0050082767057978,0.0,1100,1100,1100,1100,1100,1100,1100,1100,1100,1100,1100
POST,/api.php?__call=playlist.create&share=true&contents=~~pQHQxGEl~&listname=1691175893.7642822&app_version=9.4.0&device_type=iPhone_XR&_format=json&ctx=iphoneapp&_marker=false&v=947&cc=in&network_type=WIFI&tz=asia/kolkata&network_subtype=WIFI&network_operator=jio&is_jio_user=false&api_version=4,1,0,1124.8747429999923,1124.8747429999923,1124.8747429999923,1124.8747429999923,77.0,0.0050082767057978,0.0,1100,1100,1100,1100,1100,1100,1100,1100,1100,1100,1100
POST,/api.php?__call=playlist.create&share=true&contents=~~pQHQxGEl~&listname=1691175893.94528&app_version=9.4.0&device_type=iPhone_XR&_format=json&ctx=iphoneapp&_marker=false&v=947&cc=in&network_type=WIFI&tz=asia/kolkata&network_subtype=WIFI&network_operator=jio&is_jio_user=false&api_version=4,1,0,944.3268039999992,944.3268039999992,944.3268039999992,944.3268039999992,77.0,0.0050082767057978,0.0,940,940,940,940,940,940,940,940,940,940,940
POST,/api.php?__call=playlist.create&share=true&contents=~~pQHQxGEl~&listname=1691175897.332408&app_version=9.4.0&device_type=iPhone_XR&_format=json&ctx=iphoneapp&_marker=false&v=947&cc=in&network_type=WIFI&tz=asia/kolkata&network_subtype=WIFI&network_operator=jio&is_jio_user=false&api_version=4,1,0,33.79309000000319,33.79309000000319,33.79309000000319,33.79309000000319,77.0,0.0050082767057978,0.0,34,34,34,34,34,34,34,34,34,34,34
POST,/api.php?__call=playlist.create&share=true&contents=~~pQHQxGEl~&listname=1691175901.444036&app_version=9.4.0&device_type=iPhone_XR&_format=json&ctx=iphoneapp&_marker=false&v=947&cc=in&network_type=WIFI&tz=asia/kolkata&network_subtype=WIFI&network_operator=jio&is_jio_user=false&api_version=4,1,0,99.91577899999982,99.91577899999982,99.91577899999982,99.91577899999982,77.0,0.0050082767057978,0.0,100,100,100,100,100,100,100,100,100,100,100
POST,/api.php?__call=playlist.create&share=true&contents=~~pQHQxGEl~&listname=1691175901.7362628&app_version=9.4.0&device_type=iPhone_XR&_format=json&ctx=iphoneapp&_marker=false&v=947&cc=in&network_type=WIFI&tz=asia/kolkata&network_subtype=WIFI&network_operator=jio&is_jio_user=false&api_version=4,1,0,33.326891000001524,33.326891000001524,33.326891000001524,33.326891000001524,77.0,0.0050082767057978,0.0,33,33,33,33,33,33,33,33,33,33,33
POST,/api.php?__call=playlist.create&share=true&contents=~~pQHQxGEl~&listname=1691175906.1182761&app_version=9.4.0&device_type=iPhone_XR&_format=json&ctx=iphoneapp&_marker=false&v=947&cc=in&network_type=WIFI&tz=asia/kolkata&network_subtype=WIFI&network_operator=jio&is_jio_user=false&api_version=4,1,0,74.54263799999694,74.54263799999694,74.54263799999694,74.54263799999694,77.0,0.0050082767057978,0.0,75,75,75,75,75,75,75,75,75,75,75
POST,/api.php?__call=playlist.create&share=true&contents=~~pQHQxGEl~&listname=1691175906.119721&app_version=9.4.0&device_type=iPhone_XR&_format=json&ctx=iphoneapp&_marker=false&v=947&cc=in&network_type=WIFI&tz=asia/kolkata&network_subtype=WIFI&network_operator=jio&is_jio_user=false&api_version=4,1,0,43.83532499998921,43.83532499998921,43.83532499998921,43.83532499998921,77.0,0.0050082767057978,0.0,44,44,44,44,44,44,44,44,44,44,44
POST,/api.php?__call=playlist.create&share=true&contents=~~pQHQxGEl~&listname=1691175906.79885&app_version=9.4.0&device_type=iPhone_XR&_format=json&ctx=iphoneapp&_marker=false&v=947&cc=in&network_type=WIFI&tz=asia/kolkata&network_subtype=WIFI&network_operator=jio&is_jio_user=false&api_version=4,1,0,66.71635799999365,66.71635799999365,66.71635799999365,66.71635799999365,77.0,0.0050082767057978,0.0,67,67,67,67,67,67,67,67,67,67,67
POST,/api.php?__call=playlist.create&share=true&contents=~~pQHQxGEl~&listname=1691175908.287789&app_version=9.4.0&device_type=iPhone_XR&_format=json&ctx=iphoneapp&_marker=false&v=947&cc=in&network_type=WIFI&tz=asia/kolkata&network_subtype=WIFI&network_operator=jio&is_jio_user=false&api_version=4,1,0,180.73697400001265,180.73697400001265,180.73697400001265,180.73697400001265,77.0,0.0050082767057978,0.0,180,180,180,180,180,180,180,180,180,180,180
POST,/api.php?__call=playlist.create&share=true&contents=~~pQHQxGEl~&listname=1691175911.9054852&app_version=9.4.0&device_type=iPhone_XR&_format=json&ctx=iphoneapp&_marker=false&v=947&cc=in&network_type=WIFI&tz=asia/kolkata&network_subtype=WIFI&network_operator=jio&is_jio_user=false&api_version=4,1,0,38.679078000001255,38.679078000001255,38.679078000001255,38.679078000001255,77.0,0.0050082767057978,0.0,39,39,39,39,39,39,39,39,39,39,39
POST,/api.php?__call=playlist.create&share=true&contents=~~pQHQxGEl~&listname=1691175913.1929028&app_version=9.4.0&device_type=iPhone_XR&_format=json&ctx=iphoneapp&_marker=false&v=947&cc=in&network_type=WIFI&tz=asia/kolkata&network_subtype=WIFI&network_operator=jio&is_jio_user=false&api_version=4,1,0,84.07062099999507,84.07062099999507,84.07062099999507,84.07062099999507,77.0,0.0050082767057978,0.0,84,84,84,84,84,84,84,84,84,84,84
POST,/api.php?__call=playlist.create&share=true&contents=~~pQHQxGEl~&listname=1691175913.963834&app_version=9.4.0&device_type=iPhone_XR&_format=json&ctx=iphoneapp&_marker=false&v=947&cc=in&network_type=WIFI&tz=asia/kolkata&network_subtype=WIFI&network_operator=jio&is_jio_user=false&api_version=4,1,0,36.14005200000747,36.14005200000747,36.14005200000747,36.14005200000747,77.0,0.0050082767057978,0.0,36,36,36,36,36,36,36,36,36,36,36
POST,/api.php?__call=playlist.create&share=true&contents=~~pQHQxGEl~&listname=1691175916.8311749&app_version=9.4.0&device_type=iPhone_XR&_format=json&ctx=iphoneapp&_marker=false&v=947&cc=in&network_type=WIFI&tz=asia/kolkata&network_subtype=WIFI&network_operator=jio&is_jio_user=false&api_version=4,1,0,39.516568000010466,39.516568000010466,39.516568000010466,39.516568000010466,77.0,0.0050082767057978,0.0,40,40,40,40,40,40,40,40,40,40,40
POST,/api.php?__call=playlist.create&share=true&contents=~~pQHQxGEl~&listname=1691175920.15552&app_version=9.4.0&device_type=iPhone_XR&_format=json&ctx=iphoneapp&_marker=false&v=947&cc=in&network_type=WIFI&tz=asia/kolkata&network_subtype=WIFI&network_operator=jio&is_jio_user=false&api_version=4,1,0,104.34494300000097,104.34494300000097,104.34494300000097,104.34494300000097,77.0,0.0050082767057978,0.0,100,100,100,100,100,100,100,100,100,100,100
POST,/api.php?__call=playlist.create&share=true&contents=~~pQHQxGEl~&listname=1691175922.840818&app_version=9.4.0&device_type=iPhone_XR&_format=json&ctx=iphoneapp&_marker=false&v=947&cc=in&network_type=WIFI&tz=asia/kolkata&network_subtype=WIFI&network_operator=jio&is_jio_user=false&api_version=4,1,0,202.68031800000585,202.68031800000585,202.68031800000585,202.68031800000585,77.0,0.0050082767057978,0.0,200,200,200,200,200,200,200,200,200,200,200
POST,/api.php?__call=playlist.create&share=true&contents=~~pQHQxGEl~&listname=1691175925.272861&app_version=9.4.0&device_type=iPhone_XR&_format=json&ctx=iphoneapp&_marker=false&v=947&cc=in&network_type=WIFI&tz=asia/kolkata&network_subtype=WIFI&network_operator=jio&is_jio_user=false&api_version=4,1,0,125.93787999998085,125.93787999998085,125.93787999998085,125.93787999998085,77.0,0.0050082767057978,0.0,130,130,130,130,130,130,130,130,130,130,130
POST,/api.php?__call=playlist.create&share=true&contents=~~pQHQxGEl~&listname=1691175926.575285&app_version=9.4.0&device_type=iPhone_XR&_format=json&ctx=iphoneapp&_marker=false&v=947&cc=in&network_type=WIFI&tz=asia/kolkata&network_subtype=WIFI&network_operator=jio&is_jio_user=false&api_version=4,1,0,263.7784169999975,263.7784169999975,263.7784169999975,263.7784169999975,77.0,0.0050082767057978,0.0,260,260,260,260,260,260,260,260,260,260,260
POST,/api.php?__call=playlist.create&share=true&contents=~~pQHQxGEl~&listname=1691175929.6701481&app_version=9.4.0&device_type=iPhone_XR&_format=json&ctx=iphoneapp&_marker=false&v=947&cc=in&network_type=WIFI&tz=asia/kolkata&network_subtype=WIFI&network_operator=jio&is_jio_user=false&api_version=4,1,0,131.65457799999558,131.65457799999558,131.65457799999558,131.65457799999558,77.0,0.0050082767057978,0.0,130,130,130,130,130,130,130,130,130,130,130
POST,/api.php?__call=playlist.create&share=true&contents=~~pQHQxGEl~&listname=1691175931.840595&app_version=9.4.0&device_type=iPhone_XR&_format=json&ctx=iphoneapp&_marker=false&v=947&cc=in&network_type=WIFI&tz=asia/kolkata&network_subtype=WIFI&network_operator=jio&is_jio_user=false&api_version=4,1,0,34.528084000015724,34.528084000015724,34.528084000015724,34.528084000015724,77.0,0.0050082767057978,0.0,35,35,35,35,35,35,35,35,35,35,35
POST,/api.php?__call=playlist.create&share=true&contents=~~pQHQxGEl~&listname=1691175933.176834&app_version=9.4.0&device_type=iPhone_XR&_format=json&ctx=iphoneapp&_marker=false&v=947&cc=in&network_type=WIFI&tz=asia/kolkata&network_subtype=WIFI&network_operator=jio&is_jio_user=false&api_version=4,1,0,105.5259460000002,105.5259460000002,105.5259460000002,105.5259460000002,77.0,0.0050082767057978,0.0,110,110,110,110,110,110,110,110,110,110,110
POST,/api.php?__call=playlist.create&share=true&contents=~~pQHQxGEl~&listname=1691175933.276406&app_version=9.4.0&device_type=iPhone_XR&_format=json&ctx=iphoneapp&_marker=false&v=947&cc=in&network_type=WIFI&tz=asia/kolkata&network_subtype=WIFI&network_operator=jio&is_jio_user=false&api_version=4,1,0,86.19333599997958,86.19333599997958,86.19333599997958,86.19333599997958,77.0,0.0050082767057978,0.0,86,86,86,86,86,86,86,86,86,86,86
POST,/api.php?__call=playlist.create&share=true&contents=~~pQHQxGEl~&listname=1691175934.298283&app_version=9.4.0&device_type=iPhone_XR&_format=json&ctx=iphoneapp&_marker=false&v=947&cc=in&network_type=WIFI&tz=asia/kolkata&network_subtype=WIFI&network_operator=jio&is_jio_user=false&api_version=4,1,0,45.93871599999488,45.93871599999488,45.93871599999488,45.93871599999488,77.0,0.0050082767057978,0.0,46,46,46,46,46,46,46,46,46,46,46
POST,/api.php?__call=playlist.create&share=true&contents=~~pQHQxGEl~&listname=1691175936.2979488&app_version=9.4.0&device_type=iPhone_XR&_format=json&ctx=iphoneapp&_marker=false&v=947&cc=in&network_type=WIFI&tz=asia/kolkata&network_subtype=WIFI&network_operator=jio&is_jio_user=false&api_version=4,1,0,43.25706099999138,43.25706099999138,43.25706099999138,43.25706099999138,77.0,0.0050082767057978,0.0,43,43,43,43,43,43,43,43,43,43,43
POST,/api.php?__call=playlist.create&share=true&contents=~~pQHQxGEl~&listname=1691175937.8234408&app_version=9.4.0&device_type=iPhone_XR&_format=json&ctx=iphoneapp&_marker=false&v=947&cc=in&network_type=WIFI&tz=asia/kolkata&network_subtype=WIFI&network_operator=jio&is_jio_user=false&api_version=4,1,0,35.01658000001839,35.01658000001839,35.01658000001839,35.01658000001839,77.0,0.0050082767057978,0.0,35,35,35,35,35,35,35,35,35,35,35
POST,/api.php?__call=playlist.create&share=true&contents=~~pQHQxGEl~&listname=1691175941.202015&app_version=9.4.0&device_type=iPhone_XR&_format=json&ctx=iphoneapp&_marker=false&v=947&cc=in&network_type=WIFI&tz=asia/kolkata&network_subtype=WIFI&network_operator=jio&is_jio_user=false&api_version=4,1,0,771.3032540000029,771.3032540000029,771.3032540000029,771.3032540000029,77.0,0.0050082767057978,0.0,770,770,770,770,770,770,770,770,770,770,770
POST,/api.php?__call=playlist.create&share=true&contents=~~pQHQxGEl~&listname=1691175943.5157912&app_version=9.4.0&device_type=iPhone_XR&_format=json&ctx=iphoneapp&_marker=false&v=947&cc=in&network_type=WIFI&tz=asia/kolkata&network_subtype=WIFI&network_operator=jio&is_jio_user=false&api_version=4,1,0,106.23396799999796,106.23396799999796,106.23396799999796,106.23396799999796,77.0,0.0050082767057978,0.0,110,110,110,110,110,110,110,110,110,110,110
POST,/api.php?__call=playlist.create&share=true&contents=~~pQHQxGEl~&listname=1691175950.611263&app_version=9.4.0&device_type=iPhone_XR&_format=json&ctx=iphoneapp&_marker=false&v=947&cc=in&network_type=WIFI&tz=asia/kolkata&network_subtype=WIFI&network_operator=jio&is_jio_user=false&api_version=4,1,0,79.70332599998642,79.70332599998642,79.70332599998642,79.70332599998642,77.0,0.0050082767057978,0.0,80,80,80,80,80,80,80,80,80,80,80
POST,/api.php?__call=playlist.create&share=true&contents=~~pQHQxGEl~&listname=1691175950.994716&app_version=9.4.0&device_type=iPhone_XR&_format=json&ctx=iphoneapp&_marker=false&v=947&cc=in&network_type=WIFI&tz=asia/kolkata&network_subtype=WIFI&network_operator=jio&is_jio_user=false&api_version=4,1,0,70.50108499998942,70.50108499998942,70.50108499998942,70.50108499998942,77.0,0.0050082767057978,0.0,71,71,71,71,71,71,71,71,71,71,71
POST,/api.php?__call=playlist.create&share=true&contents=~~pQHQxGEl~&listname=1691175951.52704&app_version=9.4.0&device_type=iPhone_XR&_format=json&ctx=iphoneapp&_marker=false&v=947&cc=in&network_type=WIFI&tz=asia/kolkata&network_subtype=WIFI&network_operator=jio&is_jio_user=false&api_version=4,1,0,160.77020299999845,160.77020299999845,160.77020299999845,160.77020299999845,77.0,0.0050082767057978,0.0,160,160,160,160,160,160,160,160,160,160,160
POST,/api.php?__call=playlist.create&share=true&contents=~~pQHQxGEl~&listname=1691175951.609214&app_version=9.4.0&device_type=iPhone_XR&_format=json&ctx=iphoneapp&_marker=false&v=947&cc=in&network_type=WIFI&tz=asia/kolkata&network_subtype=WIFI&network_operator=jio&is_jio_user=false&api_version=4,1,0,77.85626300000104,77.85626300000104,77.85626300000104,77.85626300000104,77.0,0.0050082767057978,0.0,78,78,78,78,78,78,78,78,78,78,78
POST,/api.php?__call=playlist.create&share=true&contents=~~pQHQxGEl~&listname=1691175952.356399&app_version=9.4.0&device_type=iPhone_XR&_format=json&ctx=iphoneapp&_marker=false&v=947&cc=in&network_type=WIFI&tz=asia/kolkata&network_subtype=WIFI&network_operator=jio&is_jio_user=false&api_version=4,1,0,44.59027600000809,44.59027600000809,44.59027600000809,44.59027600000809,77.0,0.0050082767057978,0.0,45,45,45,45,45,45,45,45,45,45,45
POST,/api.php?__call=playlist.create&share=true&contents=~~pQHQxGEl~&listname=1691175952.635948&app_version=9.4.0&device_type=iPhone_XR&_format=json&ctx=iphoneapp&_marker=false&v=947&cc=in&network_type=WIFI&tz=asia/kolkata&network_subtype=WIFI&network_operator=jio&is_jio_user=false&api_version=4,1,0,101.82337200001257,101.82337200001257,101.82337200001257,101.82337200001257,77.0,0.0050082767057978,0.0,100,100,100,100,100,100,100,100,100,100,100
POST,/api.php?__call=playlist.create&share=true&contents=~~pQHQxGEl~&listname=1691175955.4818408&app_version=9.4.0&device_type=iPhone_XR&_format=json&ctx=iphoneapp&_marker=false&v=947&cc=in&network_type=WIFI&tz=asia/kolkata&network_subtype=WIFI&network_operator=jio&is_jio_user=false&api_version=4,1,0,125.26461100000574,125.26461100000574,125.26461100000574,125.26461100000574,77.0,0.0050082767057978,0.0,130,130,130,130,130,130,130,130,130,130,130
POST,/api.php?__call=playlist.create&share=true&contents=~~pQHQxGEl~&listname=1691175959.1222222&app_version=9.4.0&device_type=iPhone_XR&_format=json&ctx=iphoneapp&_marker=false&v=947&cc=in&network_type=WIFI&tz=asia/kolkata&network_subtype=WIFI&network_operator=jio&is_jio_user=false&api_version=4,1,0,74.82252099998732,74.82252099998732,74.82252099998732,74.82252099998732,77.0,0.0050082767057978,0.0,75,75,75,75,75,75,75,75,75,75,75
POST,/api.php?__call=playlist.create&share=true&contents=~~pQHQxGEl~&listname=1691175960.0016158&app_version=9.4.0&device_type=iPhone_XR&_format=json&ctx=iphoneapp&_marker=false&v=947&cc=in&network_type=WIFI&tz=asia/kolkata&network_subtype=WIFI&network_operator=jio&is_jio_user=false&api_version=4,1,0,110.29805300000817,110.29805300000817,110.29805300000817,110.29805300000817,77.0,0.0050082767057978,0.0,110,110,110,110,110,110,110,110,110,110,110
POST,/api.php?__call=playlist.create&share=true&contents=~~pQHQxGEl~&listname=1691175961.134969&app_version=9.4.0&device_type=iPhone_XR&_format=json&ctx=iphoneapp&_marker=false&v=947&cc=in&network_type=WIFI&tz=asia/kolkata&network_subtype=WIFI&network_operator=jio&is_jio_user=false&api_version=4,1,0,151.17970299999683,151.17970299999683,151.17970299999683,151.17970299999683,77.0,0.0050082767057978,0.0,150,150,150,150,150,150,150,150,150,150,150
POST,/api.php?__call=playlist.create&share=true&contents=~~pQHQxGEl~&listname=1691175961.574944&app_version=9.4.0&device_type=iPhone_XR&_format=json&ctx=iphoneapp&_marker=false&v=947&cc=in&network_type=WIFI&tz=asia/kolkata&network_subtype=WIFI&network_operator=jio&is_jio_user=false&api_version=4,1,0,74.7329809999826,74.7329809999826,74.7329809999826,74.7329809999826,77.0,0.0050082767057978,0.0,75,75,75,75,75,75,75,75,75,75,75
POST,/api.php?__call=playlist.create&share=true&contents=~~pQHQxGEl~&listname=1691175961.6455&app_version=9.4.0&device_type=iPhone_XR&_format=json&ctx=iphoneapp&_marker=false&v=947&cc=in&network_type=WIFI&tz=asia/kolkata&network_subtype=WIFI&network_operator=jio&is_jio_user=false&api_version=4,1,0,33.50603300000898,33.50603300000898,33.50603300000898,33.50603300000898,77.0,0.0050082767057978,0.0,34,34,34,34,34,34,34,34,34,34,34
POST,/api.php?__call=playlist.create&share=true&contents=~~pQHQxGEl~&listname=1691175964.322763&app_version=9.4.0&device_type=iPhone_XR&_format=json&ctx=iphoneapp&_marker=false&v=947&cc=in&network_type=WIFI&tz=asia/kolkata&network_subtype=WIFI&network_operator=jio&is_jio_user=false&api_version=4,1,0,90.63695899999402,90.63695899999402,90.63695899999402,90.63695899999402,77.0,0.0050082767057978,0.0,91,91,91,91,91,91,91,91,91,91,91
POST,/api.php?__call=playlist.create&share=true&contents=~~pQHQxGEl~&listname=1691175967.005026&app_version=9.4.0&device_type=iPhone_XR&_format=json&ctx=iphoneapp&_marker=false&v=947&cc=in&network_type=WIFI&tz=asia/kolkata&network_subtype=WIFI&network_operator=jio&is_jio_user=false&api_version=4,1,0,55.50094900002023,55.50094900002023,55.50094900002023,55.50094900002023,77.0,0.0050082767057978,0.0,56,56,56,56,56,56,56,56,56,56,56
POST,/api.php?__call=playlist.create&share=true&contents=~~pQHQxGEl~&listname=1691175968.629489&app_version=9.4.0&device_type=iPhone_XR&_format=json&ctx=iphoneapp&_marker=false&v=947&cc=in&network_type=WIFI&tz=asia/kolkata&network_subtype=WIFI&network_operator=jio&is_jio_user=false&api_version=4,1,0,82.70246099999667,82.70246099999667,82.70246099999667,82.70246099999667,77.0,0.0050082767057978,0.0,83,83,83,83,83,83,83,83,83,83,83
POST,/api.php?__call=playlist.create&share=true&contents=~~pQHQxGEl~&listname=1691175969.392237&app_version=9.4.0&device_type=iPhone_XR&_format=json&ctx=iphoneapp&_marker=false&v=947&cc=in&network_type=WIFI&tz=asia/kolkata&network_subtype=WIFI&network_operator=jio&is_jio_user=false&api_version=4,1,0,68.54404700001737,68.54404700001737,68.54404700001737,68.54404700001737,77.0,0.0050082767057978,0.0,69,69,69,69,69,69,69,69,69,69,69
POST,/api.php?__call=playlist.create&share=true&contents=~~pQHQxGEl~&listname=1691175971.088007&app_version=9.4.0&device_type=iPhone_XR&_format=json&ctx=iphoneapp&_marker=false&v=947&cc=in&network_type=WIFI&tz=asia/kolkata&network_subtype=WIFI&network_operator=jio&is_jio_user=false&api_version=4,1,0,63.352209999976594,63.352209999976594,63.352209999976594,63.352209999976594,77.0,0.0050082767057978,0.0,63,63,63,63,63,63,63,63,63,63,63
POST,/api.php?__call=playlist.create&share=true&contents=~~pQHQxGEl~&listname=1691175976.619522&app_version=9.4.0&device_type=iPhone_XR&_format=json&ctx=iphoneapp&_marker=false&v=947&cc=in&network_type=WIFI&tz=asia/kolkata&network_subtype=WIFI&network_operator=jio&is_jio_user=false&api_version=4,1,0,77.62005099999669,77.62005099999669,77.62005099999669,77.62005099999669,77.0,0.0050082767057978,0.0,78,78,78,78,78,78,78,78,78,78,78
POST,/api.php?__call=playlist.create&share=true&contents=~~pQHQxGEl~&listname=1691175977.514627&app_version=9.4.0&device_type=iPhone_XR&_format=json&ctx=iphoneapp&_marker=false&v=947&cc=in&network_type=WIFI&tz=asia/kolkata&network_subtype=WIFI&network_operator=jio&is_jio_user=false&api_version=4,1,0,33.727942000012945,33.727942000012945,33.727942000012945,33.727942000012945,77.0,0.0050082767057978,0.0,34,34,34,34,34,34,34,34,34,34,34
POST,/api.php?__call=playlist.create&share=true&contents=~~pQHQxGEl~&listname=1691175979.034728&app_version=9.4.0&device_type=iPhone_XR&_format=json&ctx=iphoneapp&_marker=false&v=947&cc=in&network_type=WIFI&tz=asia/kolkata&network_subtype=WIFI&network_operator=jio&is_jio_user=false&api_version=4,1,0,124.42799999999465,124.42799999999465,124.42799999999465,124.42799999999465,77.0,0.0050082767057978,0.0,120,120,120,120,120,120,120,120,120,120,120
POST,/api.php?__call=playlist.create&share=true&contents=~~pQHQxGEl~&listname=1691175979.053717&app_version=9.4.0&device_type=iPhone_XR&_format=json&ctx=iphoneapp&_marker=false&v=947&cc=in&network_type=WIFI&tz=asia/kolkata&network_subtype=WIFI&network_operator=jio&is_jio_user=false&api_version=4,1,0,106.01132299998994,106.01132299998994,106.01132299998994,106.01132299998994,77.0,0.0050082767057978,0.0,110,110,110,110,110,110,110,110,110,110,110
GET,/api.php?__call=podcast.getAll&app_version=9.4.0&device_type=iPhone_XR&_format=json&ctx=iphoneapp&_marker=false&v=947&cc=in&network_type=WIFI&network_subtype=WIFI&network_operator=jio&tz=asia/kolkata&dolby_support=true&is_jio_user=false&api_version=4,138,0,270.0,454.9697865797109,163.62938900002177,2584.0024540000004,251916.0,0.6911421854000965,0.0,270,390,540,620,840,1300,2400,2600,2600,2600,2600
GET,/api.php?__call=products.listv2&auto_renewal=1&product_name=free&vendor=&status=free&country_code=IND&app_version=9.4.0&device_type=iPhone_XR&_format=json&ctx=iphoneapp&_marker=false&v=947&cc=in&network_type=WIFI&network_subtype=WIFI&network_operator=jio&tz=asia/kolkata&dolby_support=true&is_jio_user=false&api_version=4,132,0,90,184.98615176515221,46.31838899999963,3529.258682000005,2492.0,0.6610925251653097,0.0,91,100,110,110,400,620,2200,2500,3500,3500,3500
GET,/api.php?__call=show.getHomePage&season_number=3&show_id=71214&app_version=9.4.0&device_type=iPhone_XR&_format=json&ctx=iphoneapp&_marker=false&v=947&cc=in&network_type=WIFI&tz=asia/kolkata&network_subtype=WIFI&network_operator=jio&is_jio_user=false&api_version=4&season_number=3&show_id=71214,138,0,150.0,366.38667336232004,85.59886099999758,3724.218953999994,36230.0,0.6911421854000965,0.0,150,200,290,510,730,2000,2300,2400,3700,3700,3700
GET,/api.php?__call=show.getHomePage&show_id=394604&season_number=1&app_version=9.4.0&device_type=iPhone_XR&_format=json&ctx=iphoneapp&_marker=false&v=947&cc=in&network_type=WIFI&tz=asia/kolkata&network_subtype=WIFI&network_operator=jio&is_jio_user=false&api_version=4&season_number=1&show_id=394604,138,0,110.0,168.88584244202934,55.561202000006915,1199.3897509999983,28809.0,0.6911421854000965,0.0,110,130,150,180,440,600,680,800,1200,1200,1200
POST,/api.php?__call=user.login&api_version=4&_format=json&_marker=0&ctx=iphoneapp,10,0,450.0,452.08948810000004,438.635879,461.9165750000001,87.0,0.050082767057978005,0.0,450,460,460,460,460,460,460,460,460,460,460
GET,/api.php?__call=webradio.createTagStation&language=hindi&tags=%7B%22topics%22:%5B%22hindicluster_6264%22%5D%7D&explicit=1&type=genre&mode=discover&t=712862161.954570&app_version=9.4.0&device_type=iPhone_XR&_format=json&ctx=iphoneapp&_marker=false&v=947&cc=in&network_type=WIFI&network_subtype=WIFI&network_operator=jio&tz=asia/kolkata&dolby_support=true&is_jio_user=false&api_version=4,138,0,92,211.52724851449184,36.17815000000135,3837.1696110000075,73.0,0.6911421854000965,0.0,93,110,120,140,290,700,2400,3700,3800,3800,3800
GET,"/api.php?__call=webradio.getSong&k=20&stationid=8HgouMHQsWbA,w97p-EFlmLcTdG18b5HSmfC2t4ce9IPXSdEsbupVQ__&type=scratch&t=712862162.709143&app_version=9.4.0&device_type=iPhone_XR&_format=json&ctx=iphoneapp&_marker=false&v=947&cc=in&network_type=WIFI&tz=asia/kolkata&network_subtype=WIFI&network_operator=jio&is_jio_user=false&api_version=4&k=20&stationid=8HgouMHQsWbA%2Cw97p-EFlmLcTdG18b5HSmfC2t4ce9IPXSdEsbupVQ__&t=712862162.709143&type=scratch",138,0,370.0,493.2872607971013,170.4000909999994,2414.482761000002,49792.94927536232,0.6911421854000965,0.0,370,510,570,620,810,1400,2000,2400,2400,2400,2400
GET,"/api.php?__call=webradio.getSong&type=scratch&next=1&t=712862164.279300&songid=gTOlL2wh&stationid=8HgouMHQsWbA,w97p-EFlmLcTdG18b5HSmfC2t4ce9IPXSdEsbupVQ__&playtime=288&progress=0&k=1&app_version=9.4.0&device_type=iPhone_XR&_format=json&ctx=iphoneapp&_marker=false&v=947&cc=in&network_type=WIFI&tz=asia/kolkata&network_subtype=WIFI&network_operator=jio&is_jio_user=false&api_version=4&k=1&next=1&playtime=288&progress=0&songid=gTOlL2wh&stationid=8HgouMHQsWbA%2Cw97p-EFlmLcTdG18b5HSmfC2t4ce9IPXSdEsbupVQ__&t=712862164.279300&type=scratch",138,0,130.0,261.85077837681195,52.21492400000116,3798.7501500000035,2597.927536231884,0.6911421854000965,0.0,130,170,200,210,380,630,2500,3700,3800,3800,3800
,Aggregated,1770,0,110.0,253.13360132090398,29.785934999999597,3837.1696110000075,57132.88079096045,8.864649769262106,0.0,110,170,220,300,580,820,2000,2400,3800,3800,3800
